"","x"
"1","base"
"2","boot"
"3","class"
"4","cluster"
"5","codetools"
"6","compiler"
"7","datasets"
"8","digest"
"9","foreign"
"10","graphics"
"11","grDevices"
"12","grid"
"13","htmltools"
"14","httpuv"
"15","jsonlite"
"16","KernSmooth"
"17","lattice"
"18","MASS"
"19","Matrix"
"20","methods"
"21","mgcv"
"22","mime"
"23","nlme"
"24","nnet"
"25","parallel"
"26","R6"
"27","Rcpp"
"28","rpart"
"29","shiny"
"30","sourcetools"
"31","spatial"
"32","splines"
"33","stats"
"34","stats4"
"35","survival"
"36","tcltk"
"37","tools"
"38","translations"
"39","utils"
"40","xtable"
